x,y
0.00062249,0.00111687
0.00068176,0.00776010
0.00128096,-0.00913176
0.00147968,0.04322020
0.00199285,0.02605584
0.00277053,0.05015284
0.00480913,0.02273009
0.00516693,0.08478326
0.00540015,0.04593095
0.00554256,0.01727346
0.00568967,0.03159902
0.00651580,0.04575187
0.00656773,0.05437547
0.00877735,0.10055478
0.00883472,0.01338583
0.00900844,0.08198648
0.01111174,0.04156975
0.01287317,0.06958434
0.01322000,-0.03944709
0.01446224,-0.01891314
0.01476322,0.13577488
0.01496385,-0.05126085
0.01672355,0.04645738
0.01761941,-0.03319847
0.01896667,0.10902869
0.01989576,0.07659550
0.02120254,0.02593770
0.02140414,0.05715574
0.02143315,0.04411223
0.02179265,0.14079036
0.02212536,0.04182924
0.02284098,0.04718715
0.02371973,0.13975729
0.02537762,0.01088744
0.02538721,0.20375070
0.02593450,0.03552798
0.02606815,0.02631760
0.02725449,0.04488473
0.02736465,0.00113418
0.02776811,0.06817686
0.02787310,0.10111429
0.02876443,0.09170375
0.02934101,0.05309702
0.02978776,0.02675360
0.02983139,0.30137375
0.03183892,0.10862637
0.03189332,0.13241472
0.03261856,0.03223176
0.03479940,0.04298134
0.03552875,-0.02689650
0.03580172,-0.00987296
0.03606549,0.06886220
0.03698140,-0.00940640
0.03707140,-0.01415261
0.03754022,0.13007450
0.03857891,-0.01910153
0.04180602,0.26793018
0.04214017,0.01717980
0.04221118,0.05694551
0.04301130,-0.04019009
0.04307866,0.04769777
0.04327180,0.06081853
0.04339525,0.01686129
0.04436487,0.02151358
0.04489507,0.02790792
0.04625040,0.05623508
0.04637317,0.15331716
0.04811401,0.04886007
0.04818156,0.05258272
0.04830449,0.22121067
0.04847907,-0.03452387
0.04913635,0.02165225
0.04929491,-0.10507354
0.04993701,0.04389923
0.05082066,0.02674499
0.05106218,-0.02512900
0.05217007,0.11865254
0.05256452,0.01503674
0.05301012,0.03139263
0.05357891,0.04904989
0.05389274,0.00987180
0.05413769,0.02704371
0.05420774,-0.00652547
0.05515590,-0.00661495
0.05684882,0.03706277
0.05828315,-0.00303923
0.05843817,0.14188857
0.05875645,-0.06622595
0.05894117,0.00686699
0.05910494,-0.03226740
0.05935096,-0.00791455
0.06012803,0.01308243
0.06062364,0.02329648
0.06064319,0.06858070
0.06100015,-0.01664090
0.06105688,0.00604004
0.06115258,0.21798453
0.06170299,0.20962454
0.06198950,-0.12777680
0.06235424,0.03124804
0.06309119,0.01719004
0.06336852,0.12095622
0.06405832,-0.06182151
0.06540038,0.01525074
0.06592199,-0.01648691
0.06625195,-0.03944037
0.06632449,0.29021598
0.06647449,0.03619407
0.06668150,0.10596460
0.06867833,0.03324324
0.06953441,0.07722662
0.06973018,-0.00964910
0.06996329,0.05748090
0.07138403,0.01797658
0.07178920,0.03967693
0.07239698,0.02994309
0.07263414,0.25243271
0.07447573,0.33606532
0.07574060,0.03410552
0.07599417,0.04752564
0.07658071,-0.03376875
0.07793614,0.04834630
0.07863652,0.04683232
0.07929505,-0.09291516
0.07987063,0.18554313
0.08019091,0.02277560
0.08060000,0.02395017
0.08102218,-0.02730435
0.08356876,0.03798708
0.08391796,-0.02010618
0.08549337,-0.00447699
0.08556544,0.04138798
0.08615657,0.11927946
0.08618657,0.00511020
0.08622040,0.01598429
0.08647098,0.03425988
0.08886922,0.00366354
0.08888466,0.06686519
0.09002077,0.17390152
0.09292330,0.05942750
0.09329360,-0.00958012
0.09373007,0.18283929
0.09378737,-0.01126194
0.09605914,-0.08205161
0.09688234,-0.06446280
0.09738480,0.08366444
0.09927600,-0.07838331
0.10093840,0.15782752
0.10133319,-0.01438773
0.10139186,0.08586333
0.10177391,0.12428023
0.10178313,0.27183712
0.10317882,-0.03518530
0.10405378,0.17172013
0.10517990,0.02203406
0.10525081,0.00934571
0.10608275,0.00120123
0.10685041,0.19075891
0.10770388,0.06900619
0.10800167,0.00009171
0.10805743,0.07916674
0.10852887,0.02998906
0.10869487,0.02666724
0.11006521,0.01787099
0.11006841,0.16667005
0.11130729,-0.00755201
0.11256939,0.03886386
0.11288636,-0.02731515
0.11301282,0.04260227
0.11314326,0.02862318
0.11336000,0.01654245
0.11356772,0.41761677
0.11405904,0.12198287
0.11411490,-0.00067728
0.11422505,0.21780973
0.11423890,0.04692502
0.11531428,-0.14042933
0.11566915,0.00098968
0.11617218,0.08545902
0.11637347,-0.03023838
0.11734560,0.08954092
0.11870941,0.00726618
0.11893577,0.17739173
0.11898836,0.00185089
0.11979727,-0.06779211
0.11983497,0.04143287
0.12047477,0.08376390
0.12132740,-0.17586866
0.12200628,-0.00700502
0.12227299,-0.03125909
0.12335724,-0.03073741
0.12360322,-0.04939577
0.12394017,-0.04938304
0.12408356,-0.00724917
0.12553812,0.00857067
0.12597566,0.01279102
0.12633370,0.15288075
0.12707688,-0.04691836
0.12770344,0.21624100
0.12877484,0.05615887
0.12888355,-0.03104196
0.12928914,-0.01148141
0.13029089,0.16489894
0.13038852,0.13992041
0.13097280,-0.04474054
0.13113875,-0.02823847
0.13270609,0.18879776
0.13275536,0.25684198
0.13283049,-0.03915733
0.13286911,-0.03706429
0.13392044,0.24604703
0.13421376,-0.20672080
0.13448445,-0.12341630
0.13692489,-0.05356808
0.13743609,-0.04505492
0.13839173,-0.06464389
0.13858808,-0.08239732
0.13884500,-0.02306198
0.13902807,-0.09386666
0.14052428,-0.02855008
0.14100526,-0.00745750
0.14141268,-0.04134767
0.14160708,-0.04375248
0.14207890,-0.05196558
0.14217429,-0.03433284
0.14269242,0.41371826
0.14274397,0.04009372
0.14306103,-0.15161943
0.14360707,-0.08581009
0.14368031,-0.14341395
0.14413276,-0.01004224
0.14478640,0.01447661
0.14619901,-0.04903563
0.14630601,-0.17016924
0.14636276,0.09753213
0.14730952,-0.07141139
0.14850456,0.17168750
0.14864373,-0.09562869
0.14990842,-0.01172261
0.15079662,-0.03464531
0.15096842,-0.16862627
0.15123161,0.01502949
0.15229197,-0.02098637
0.15232231,0.02014082
0.15267115,-0.08950449
0.15273144,-0.06779065
0.15366313,-0.04078841
0.15373636,-0.03405744
0.15395191,-0.07564308
0.15483607,-0.11578888
0.15523536,-0.05355014
0.15590581,-0.06803230
0.15706840,-0.06915445
0.15726930,-0.08359846
0.15733043,-0.06947058
0.15738620,0.13010811
0.15810580,0.16840549
0.15818666,-0.14086302
0.15852340,-0.18114548
0.15905050,-0.10851863
0.16091353,-0.04357141
0.16124030,-0.04411510
0.16146265,-0.05172437
0.16163043,0.09294651
0.16204572,-0.16664871
0.16209575,-0.02560244
0.16418553,-0.11344460
0.16465351,-0.05842063
0.16488952,-0.11740714
0.16535224,-0.14387295
0.16559702,-0.07302164
0.16584645,-0.06675967
0.16599488,-0.10257718
0.16638540,-0.23667918
0.16754839,0.00100290
0.16770298,0.04529721
0.16772209,-0.14860319
0.16775640,0.21754816
0.16806649,-0.19162175
0.16829891,-0.13740031
0.16840752,-0.14773891
0.16923276,-0.05448572
0.16991507,-0.07226540
0.17162625,0.12684749
0.17246239,-0.09726666
0.17264632,-0.17570887
0.17267700,0.10351366
0.17269044,0.23157761
0.17342903,0.13163153
0.17415631,-0.11793711
0.17540789,-0.13251112
0.17623648,0.26597070
0.17691114,0.08001975
0.17734005,-0.09003191
0.17812679,0.17007754
0.17924899,-0.18002680
0.18004749,-0.10066362
0.18054481,-0.15309630
0.18071794,-0.30081121
0.18080757,-0.18488044
0.18277452,-0.20433602
0.18279205,-0.02753746
0.18345255,-0.04859607
0.18394118,-0.19981569
0.18423063,0.01733773
0.18423786,-0.31346749
0.18429573,-0.17490553
0.18432220,-0.11864443
0.18433548,-0.12363515
0.18433607,-0.14826984
0.18475630,-0.17685825
0.18513975,0.02764868
0.18514739,-0.12794328
0.18530771,-0.27110647
0.18625559,-0.15270456
0.18647654,-0.15001530
0.18652988,0.13236465
0.18690921,-0.17033639
0.18902801,-0.20213470
0.18913398,-0.09344273
0.19237443,-0.40652298
0.19270598,-0.24847173
0.19350488,0.29493489
0.19352613,-0.18610141
0.19432988,0.31525893
0.19529218,-0.25450416
0.19544580,-0.14083333
0.19607004,-0.24576010
0.19629225,-0.08311180
0.19650157,-0.18905642
0.19752938,-0.06751512
0.19837359,-0.21770206
0.19858531,-0.36204725
0.19863807,0.06933312
0.19908824,-0.30075574
0.19927516,-0.19831062
0.20036750,-0.26589725
0.20083800,-0.27337330
0.20123942,-0.06568250
0.20160102,-0.27298253
0.20264765,-0.25539921
0.20296165,0.42861754
0.20365693,-0.24304626
0.20375997,-0.22107463
0.20440943,-0.20501019
0.20471156,-0.22321076
0.20554956,-0.26358528
0.20635242,0.46381373
0.20753272,-0.22919205
0.20759333,-0.10207339
0.20775342,-0.23553301
0.20956977,-0.37819336
0.20976886,-0.19856232
0.21021668,0.10556390
0.21041581,-0.13813279
0.21055470,-0.27817654
0.21136596,-0.22991242
0.21154964,-0.33352755
0.21162669,-0.20986889
0.21162766,-0.25144579
0.21200038,-0.11939369
0.21212734,-0.23382671
0.21240169,-0.11177874
0.21268260,-0.42044942
0.21300790,-0.14597887
0.21413011,-0.11496232
0.21432501,-0.33503012
0.21512197,-0.32728017
0.21539049,-0.21673843
0.21706132,0.34152881
0.21711198,-0.27604260
0.21779809,-0.44274782
0.21937052,0.11562059
0.22023987,-0.25550089
0.22221521,-0.00749449
0.22245033,-0.33610321
0.22291936,-0.40170394
0.22468673,-0.19453819
0.22511242,-0.25086932
0.22513115,-0.14083705
0.22548429,-0.24010805
0.22598637,-0.53552398
0.22616916,-0.34564597
0.22623628,-0.36716029
0.22645465,-0.34781771
0.22660370,-0.41127694
0.22723619,-0.28647354
0.22736563,-0.47173300
0.22992361,-0.23312285
0.23030539,-0.36138113
0.23076081,-0.37918408
0.23110899,-0.24089100
0.23164979,-0.35518570
0.23184999,-0.43742731
0.23356645,-0.36926411
0.23414909,-0.13805866
0.23422264,-0.35916217
0.23458381,-0.30152015
0.23459499,-0.31780316
0.23572160,-0.42284774
0.23609062,0.22677765
0.23720038,-0.32371656
0.23737182,-0.34218651
0.23784507,-0.43472519
0.23830040,-0.47383759
0.23945039,-0.47891457
0.23973078,-0.42132140
0.23988984,-0.23355493
0.24067497,-0.37198248
0.24161798,0.29035571
0.24184197,-0.48039162
0.24213853,-0.44431680
0.24224070,-0.36888163
0.24237485,-0.42083552
0.24250572,-0.41160594
0.24283604,-0.06285139
0.24288551,-0.27312918
0.24302689,-0.30381872
0.24334854,-0.49884132
0.24463275,-0.37519487
0.24527684,0.25429503
0.24646836,-0.39832988
0.24698375,-0.17671542
0.24817623,-0.35643556
0.24838219,-0.33155297
0.24842465,-0.38182672
0.24926070,-0.43987488
0.24959769,-0.52004661
0.25005521,-0.23281867
0.25086919,-0.43508052
0.25312127,-0.43651149
0.25412660,-0.54749345
0.25434553,-0.44713983
0.25457689,-0.49703235
0.25473257,-0.36554280
0.25568992,-0.59211543
0.25691075,-0.21177032
0.25719168,-0.56579373
0.25744677,-0.31079532
0.25750161,-0.16948580
0.25821393,-0.51546949
0.25829250,-0.43748381
0.25859417,-0.41035764
0.25910975,-0.46258230
0.25962683,-0.24998484
0.25994684,-0.28596867
0.26029935,-0.50382636
0.26115423,-0.43011032
0.26244507,-0.48058049
0.26262793,-0.49984843
0.26302706,-0.58780318
0.26349551,-0.33591565
0.26418947,-0.44864205
0.26495751,-0.67591419
0.26684151,-0.47770598
0.26830839,-0.20219488
0.26873480,-0.60107701
0.26929907,-0.61743656
0.26962737,-0.07437100
0.27021320,-0.55357237
0.27071144,-0.58321353
0.27111475,-0.51510606
0.27229122,-0.50590344
0.27268647,-0.50529195
0.27319338,0.13081553
0.27344134,0.01652696
0.27356133,-0.36897196
0.27390345,-0.61587459
0.27437472,-0.33344695
0.27558724,-0.45442994
0.27625679,-0.16860919
0.27681495,0.06663498
0.27689557,-0.51288249
0.27753665,-0.44972886
0.27908393,-0.66373942
0.27916889,-0.62906966
0.27942274,-0.57215155
0.28072738,-0.57459074
0.28144218,-0.46901531
0.28211654,-0.39964401
0.28230767,-0.57160616
0.28319672,-0.57678393
0.28363252,-0.39474736
0.28399484,-0.58020660
0.28409385,-0.47800430
0.28447449,-0.47173169
0.28519004,-0.32665461
0.28600624,-0.58208772
0.28626338,-0.55503826
0.28827153,-0.27281565
0.28890369,-0.78442614
0.28899367,-0.38107538
0.28911254,-0.36151512
0.28916469,-0.56452883
0.28964647,-0.57150303
0.28996669,-0.53788568
0.29003952,-0.37635867
0.29097942,-0.54041312
0.29231609,-0.27797300
0.29240094,-0.52694157
0.29304600,-0.45644593
0.29375580,-0.23981337
0.29431077,-0.55353149
0.29467925,-0.03819550
0.29483969,-0.71492938
0.29505070,-0.17859864
0.29527993,-0.64181579
0.29562269,-0.50021400
0.29601645,-0.62777720
0.29607006,-0.31344226
0.29740748,-0.57872970
0.29808768,-0.53835449
0.29926509,-0.16934933
0.30051970,-0.32825055
0.30292355,-0.48962137
0.30364170,-0.37855388
0.30382153,-0.54263900
0.30390657,-0.52940645
0.30406002,-0.34960593
0.30439741,-0.60286606
0.30511618,-0.49326160
0.30567402,-0.00790549
0.30612832,-0.51585814
0.30715811,-0.30920703
0.30890683,-0.52536417
0.30894235,-0.72203181
0.30913514,-0.28191563
0.30937009,-0.51741345
0.30947281,-0.48111103
0.31132781,-0.50238083
0.31222159,-0.46248216
0.31241825,-0.50311184
0.31284454,-0.59902504
0.31495262,-0.66812321
0.31544560,-0.48848310
0.31744777,-0.59424724
0.31751713,-0.57929498
0.31765405,-0.58768839
0.31776861,-0.58712647
0.31904395,-0.63002635
0.31923705,-0.77802266
0.31975598,-0.45706498
0.32037080,-0.77570563
0.32170213,-0.55658378
0.32295660,-0.19839296
0.32441015,-0.35345599
0.32464193,-0.51375042
0.32475858,-0.61580157
0.32483611,-0.36878779
0.32491050,-0.20033561
0.32668987,-0.60198693
0.32710380,-0.68315625
0.32736520,-0.52526879
0.32782463,-0.59886175
0.32811564,-0.51724630
0.32896127,-0.55615396
0.32979006,-0.08453899
0.33003725,-0.50201108
0.33018303,-0.28922323
0.33144884,-0.44196442
0.33362653,-0.54706336
0.33369065,-0.46737814
0.33373603,-0.14160840
0.33673372,-0.53709390
0.33707566,-0.69796893
0.33748054,-0.40974906
0.33766067,-0.05849403
0.33989632,-0.40474425
0.34022492,-0.70557791
0.34069013,-0.71788376
0.34086157,-0.54649037
0.34127656,-0.43346083
0.34144905,-0.50117415
0.34166410,-0.60139756
0.34214688,-0.52372602
0.34325676,-0.18997860
0.34373547,-0.51999459
0.34427090,-0.47620074
0.34542585,-0.40607936
0.34578674,-0.39862654
0.34587389,-0.20695927
0.34599372,-0.24631791
0.34690030,-0.66743974
0.34718416,-0.29845980
0.34731565,-0.29444126
0.34780094,-0.50067800
0.34910141,-0.33854261
0.34959534,-0.35616310
0.35047120,-0.53793961
0.35231251,-0.40772253
0.35370623,-0.30798083
0.35372874,-0.34572183
0.35402305,0.02362900
0.35443083,-0.66617904
0.35523944,-0.30058929
0.35555956,-0.04629174
0.35563447,-0.42269398
0.35625177,-0.46880690
0.35873238,0.04823069
0.35925995,-0.31137233
0.36032629,-0.44727876
0.36113843,-0.70268807
0.36158443,-0.51202921
0.36161116,-0.08219740
0.36181451,-0.06996403
0.36211784,-0.43787172
0.36231287,-0.39002348
0.36248588,-0.58271923
0.36297634,-0.02612154
0.36355755,-0.54991895
0.36384249,-0.17944049
0.36455594,-0.40522516
0.36474012,-0.44069443
0.36535983,-0.64679698
0.36564552,-0.27232613
0.36696027,-0.71269486
0.36714795,-0.23137225
0.36904209,-0.58371152
0.36919856,-0.31872899
0.36999984,-0.36470979
0.37238841,-0.26546611
0.37240161,-0.17619111
0.37278502,-0.14445856
0.37315381,-0.08116724
0.37465713,-0.05442788
0.37483997,-0.48852055
0.37508394,-0.13537914
0.37661613,-0.30854181
0.37667204,-0.25702653
0.37721753,-0.23044732
0.37732798,-0.47967212
0.37734083,-0.33613655
0.37769954,-0.03644575
0.37911486,-0.36450069
0.37945698,-0.41292108
0.37963375,-0.44533272
0.38044909,0.12315706
0.38056667,-0.21510633
0.38058381,-0.42248846
0.38116276,-0.56259186
0.38158932,-0.43592690
0.38199167,-0.50053411
0.38207894,-0.24548509
0.38295899,-0.60492477
0.38298779,-0.46481972
0.38447664,-0.18449144
0.38458939,-0.51844928
0.38485866,-0.27317796
0.38488094,-0.32337339
0.38502009,-0.47945216
0.38530275,-0.43305175
0.38583959,-0.44626136
0.38585482,-0.24738510
0.38665881,-0.11977128
0.38698853,-0.01942149
0.38699082,0.04688531
0.38872400,-0.11227118
0.39041128,-0.14849127
0.39099043,-0.18702515
0.39148603,0.09908122
0.39185621,-0.12778695
0.39299468,-0.25538218
0.39403345,-0.07047091
0.39511495,-0.37200823
0.39583345,-0.51576509
0.39624155,-0.35288695
0.39681240,-0.10654056
0.39685928,0.05648558
0.39688289,-0.27156813
0.39788280,-0.32381344
0.39859566,-0.19920338
0.39971299,0.03204517
0.40025991,-0.46672921
0.40036531,-0.06656803
0.40093352,-0.22500863
0.40095605,-0.20082287
0.40205625,-0.02789654
0.40335596,-0.21615459
0.40422785,-0.20174017
0.40614778,-0.38797428
0.40662676,0.03118838
0.40718657,-0.12844575
0.40737331,-0.22477171
0.40768314,-0.06462733
0.40870895,-0.07481857
0.40966448,-0.27878689
0.41031233,-0.18981116
0.41083492,-0.33929641
0.41088441,0.00204233
0.41125637,0.09261680
0.41195095,-0.19415976
0.41296929,0.13389621
0.41356906,-0.06707776
0.41487697,-0.20434570
0.41527659,0.27701692
0.41577439,0.03966160
0.41579143,0.19008923
0.41624377,0.08245671
0.41720836,-0.28769941
0.41748093,-0.14530681
0.41763771,-0.03680011
0.41793106,-0.09198794
0.41947633,-0.29988947
0.42246081,-0.08658745
0.42265499,-0.03851459
0.42400523,-0.29000066
0.42543116,-0.22855729
0.42884355,-0.02736405
0.42921916,-0.34252198
0.43040735,-0.00724713
0.43159955,-0.09475203
0.43278880,-0.00005213
0.43291042,-0.02107235
0.43297267,-0.07009427
0.43384329,0.04787145
0.43391884,0.05413923
0.43417513,0.18018319
0.43703042,-0.13185798
0.43790323,-0.13158028
0.43845416,-0.00002461
0.43960259,-0.10147693
0.43967094,-0.32295220
0.43993006,0.05118462
0.44101417,0.26304748
0.44148521,0.04941759
0.44278626,0.18203011
0.44312741,0.01931029
0.44398124,0.14863639
0.44455165,0.10176608
0.44495763,0.23184563
0.44509479,-0.03341736
0.44510674,0.27610877
0.44550316,-0.04990194
0.44585185,-0.24444894
0.44671389,-0.35764821
0.44724281,-0.23699671
0.44767271,-0.18855419
0.44833697,0.01898231
0.44838927,-0.05977092
0.44902085,0.23452768
0.44935672,-0.16634876
0.45163137,0.10299391
0.45208081,0.05014211
0.45257362,0.09134616
0.45264718,-0.13394508
0.45384063,0.16970019
0.45397179,0.21003787
0.45398162,0.16691662
0.45431135,0.22303455
0.45486323,0.00060332
0.45535690,0.00961314
0.45687883,0.11259571
0.45722547,0.49366682
0.45933980,0.10911446
0.45998379,0.08333339
0.46140525,0.06319092
0.46210740,-0.06072390
0.46244338,0.08940813
0.46360975,-0.13825379
0.46497405,0.11170538
0.46541003,0.07944457
0.46691605,0.11714388
0.46807511,0.07389442
0.46979038,0.26721075
0.46980821,-0.10003629
0.47047203,0.14329608
0.47084291,0.30855220
0.47098168,0.37434557
0.47108726,0.14683522
0.47150181,0.20821364
0.47151287,0.17684619
0.47235655,-0.05271371
0.47292838,0.15422241
0.47295093,-0.23595718
0.47337782,-0.11954573
0.47355587,0.30253547
0.47400869,0.32367289
0.47412221,0.38584173
0.47428158,0.20316654
0.47539980,0.13654157
0.47572348,0.06281877
0.47632808,-0.04259836
0.47667996,0.18171942
0.47703003,-0.34249239
0.47709383,-0.12876420
0.47820795,0.27729779
0.47826301,0.02573711
0.47903436,0.27794205
0.47961136,0.41485018
0.48007374,0.30928358
0.48054149,0.33125690
0.48151796,-0.03963107
0.48162667,0.23852444
0.48199396,0.19751546
0.48245736,0.28179538
0.48345553,0.23607793
0.48376824,0.23785138
0.48402528,0.41056691
0.48484127,0.16482045
0.48582596,0.34286246
0.48599287,-0.05042391
0.48766423,0.29008472
0.48883487,0.13962880
0.48953034,0.05705700
0.48955372,0.33078872
0.48978800,0.30749347
0.48998763,-0.11885003
0.49023437,0.28749474
0.49040325,0.03251528
0.49053973,0.29007615
0.49084216,0.31225983
0.49096797,0.46682610
0.49197887,-0.13832850
0.49205854,0.33574813
0.49389120,0.07307011
0.49417308,0.03341224
0.49421213,0.31184838
0.49471032,0.26933680
0.49484990,0.25914646
0.49508588,0.29581557
0.49628152,-0.30354388
0.49671638,0.32068658
0.49683131,0.30888896
0.49896888,0.16003110
0.49951491,0.39408028
0.49993156,0.46134221
0.49999920,0.34990220
0.50026724,0.32996531
0.50070433,0.04236955
0.50114315,0.31871946
0.50208005,0.28496863
0.50232996,0.27518679
0.50238730,0.28146559
0.50293718,0.35239638
0.50312687,0.33660207
0.50316119,-0.03369712
0.50445813,0.26129823
0.50611928,0.39436619
0.50728084,0.18850819
0.50736040,0.44071817
0.50819447,0.15894662
0.50973231,0.38197834
0.50997526,0.34428994
0.51009812,0.38535939
0.51105850,0.39881614
0.51348386,0.27276902
0.51380384,0.45290287
0.51483135,0.44548883
0.51594846,0.46413177
0.51729163,0.16228740
0.51759242,0.32513590
0.51770183,0.56521641
0.51782280,0.58943060
0.51833479,0.38704934
0.51851165,0.05513405
0.51901871,0.21813072
0.51956699,0.40367939
0.52053483,0.27223519
0.52147570,0.43532178
0.52171170,0.36911422
0.52211647,0.43922404
0.52357999,0.56179112
0.52400099,0.48028141
0.52406087,0.47731236
0.52458230,0.20341328
0.52540988,0.58152576
0.52548484,0.32796646
0.52558752,0.24587663
0.52606351,0.17067798
0.52658604,0.39823592
0.52665413,0.41483967
0.52669375,0.62541227
0.52701422,0.63719784
0.52777085,0.60973737
0.52806013,-0.14011633
0.52810644,0.52068341
0.52915516,0.53475090
0.52946730,0.53534875
0.53077695,0.54608579
0.53142183,0.32083498
0.53209704,0.44727493
0.53273146,0.31520401
0.53362563,0.47151682
0.53401927,0.18007538
0.53528747,0.46337850
0.53538753,0.47500862
0.53553881,0.58633114
0.53620661,0.52910836
0.53687130,0.30068387
0.53784879,0.54917032
0.53788876,0.59440319
0.53789474,0.34366503
0.53847541,0.54786047
0.53923380,0.57201974
0.53943869,0.26139516
0.53955923,0.49976125
0.53983116,0.16143654
0.54046313,0.64792296
0.54069176,0.43391596
0.54125580,0.58863075
0.54393590,0.15271819
0.54467626,0.52136485
0.54518155,0.48889022
0.54534892,0.55798491
0.54587328,0.31978270
0.54614141,0.69368592
0.54693155,0.60189902
0.54768463,0.35507431
0.54774263,0.88677285
0.54991445,0.67259525
0.55025770,0.26237669
0.55027277,0.60879083
0.55069893,0.72817781
0.55165136,0.56658694
0.55292353,0.63259491
0.55311767,0.77858364
0.55331932,0.64706748
0.55345066,0.69296220
0.55407264,0.79013496
0.55418149,0.58879075
0.55425268,0.83070984
0.55535924,0.73288916
0.55641086,0.65055550
0.55659373,0.68493825
0.55670674,0.50000094
0.55761557,0.63200466
0.55796815,0.70051146
0.55801696,0.68488151
0.55890893,0.73410245
0.55918218,0.60711902
0.56006520,0.54259318
0.56085792,0.49908333
0.56098145,0.63488573
0.56116831,0.66466753
0.56118294,0.65751212
0.56187769,0.71608557
0.56198464,0.67250185
0.56209997,0.63662445
0.56251116,0.70274821
0.56280609,0.47584009
0.56319232,0.76795039
0.56346697,0.74381263
0.56376107,0.61821757
0.56394713,0.43580911
0.56531545,0.73613460
0.56696241,0.71868041
0.56706718,0.81292183
0.56734077,0.77193877
0.56818728,0.72355829
0.56871929,0.71264687
0.56895921,0.67356714
0.56900248,0.79524814
0.57002693,0.67779268
0.57036674,0.39415585
0.57067341,0.73931503
0.57084591,0.73387937
0.57131011,0.89067248
0.57136059,0.68346384
0.57150877,0.92989849
0.57264076,0.60670143
0.57267949,0.90467523
0.57300705,0.86617588
0.57345273,0.89661389
0.57353590,0.80837987
0.57408591,0.48329772
0.57524348,0.78577325
0.57530049,0.73184215
0.57583608,0.84921389
0.57672916,0.78590331
0.57709251,0.79144394
0.57734772,0.81705849
0.57778961,0.53060492
0.57790991,0.65651781
0.57811626,0.40095788
0.57843691,0.75955086
0.57876412,0.80852301
0.57908701,0.82372798
0.57952607,0.85958625
0.58343049,0.86765907
0.58353674,0.83581375
0.58399000,1.05166420
0.58630085,0.95892265
0.58740241,0.43111108
0.58763969,0.81951787
0.58778911,0.85767737
0.58823705,0.95532549
0.58872950,0.91742841
0.58884839,0.77693728
0.58950894,0.81757526
0.59017510,0.75755210
0.59058386,0.73649169
0.59194797,0.96875216
0.59220790,0.84472359
0.59240649,0.87796649
0.59278898,0.92690803
0.59287632,0.92736255
0.59296998,0.61949726
0.59317744,0.83580805
0.59460787,0.19686875
0.59472609,1.03757599
0.59570098,0.56752025
0.59590857,0.87367652
0.59629992,0.83126964
0.59717724,0.84270694
0.59751822,1.03095165
0.59836746,0.51733059
0.59858035,0.83234840
0.59903307,0.86355223
0.60025158,0.91424522
0.60088942,0.84232147
0.60091938,1.00794914
0.60125373,0.98927465
0.60344992,0.92131514
0.60435951,1.06643793
0.60501433,0.85915713
0.60543148,0.60357348
0.60543719,0.86292752
0.60574978,0.86172401
0.60633231,0.92181718
0.60660338,0.87410024
0.60691478,0.89603799
0.60759592,0.94721739
0.60875124,0.88221970
0.60980083,0.93635898
0.60983150,1.11288753
0.61002329,0.85115011
0.61072098,1.03685555
0.61179644,0.89936414
0.61527848,0.91588399
0.61528709,1.02633401
0.61706744,0.78231087
0.61749966,0.91639165
0.61755521,1.05930394
0.61806856,0.91891316
0.61882493,1.04111491
0.61890681,0.73832477
0.61930536,1.06739301
0.61975128,0.88491862
0.62042338,1.14865738
0.62119383,0.78164982
0.62263003,0.98449932
0.62269757,1.03050946
0.62345952,0.32572366
0.62408629,0.99233059
0.62427608,0.94244963
0.62433014,0.59669468
0.62454893,0.97940300
0.62480688,1.11188716
0.62630216,1.07059034
0.62641476,0.84476196
0.62655011,0.79577935
0.62670107,1.11501710
0.62715813,1.02125024
0.62770860,0.94033679
0.62850354,0.98954567
0.63010596,0.32641171
0.63127263,0.95185029
0.63212788,0.95929638
0.63294916,0.92850017
0.63425007,1.01821406
0.63438905,0.77552446
0.63526962,0.98165709
0.63545047,1.02548520
0.63569480,0.82251258
0.63692351,0.40783180
0.63702047,1.04256444
0.63755131,0.54303472
0.63769325,0.95776317
0.63769657,0.72686277
0.63793550,0.93389884
0.63826331,0.91763488
0.63926673,0.99136803
0.64060802,1.05439510
0.64152090,1.00055394
0.64187778,0.94195369
0.64252175,0.92357447
0.64328164,0.97117863
0.64344050,1.03844220
0.64378551,0.94857070
0.64388162,0.64133575
0.64466266,0.79029020
0.64673012,0.92205914
0.64743292,0.91644780
0.64857203,0.99006420
0.64902796,0.91104496
0.65049484,0.59046375
0.65083728,0.91204399
0.65219471,0.98774546
0.65345808,0.94382907
0.65481083,0.91029605
0.65495794,0.79789471
0.65673941,0.93361242
0.65897326,0.93004603
0.65939234,0.96600558
0.66028763,0.52635759
0.66038821,0.97331769
0.66109052,0.64244993
0.66259524,0.64461533
0.66262191,0.87063439
0.66347790,0.75052249
0.66359168,0.97523277
0.66372456,0.90348866
0.66424901,0.90461765
0.66429528,0.92458290
0.66477735,0.88611688
0.66484337,0.97396989
0.66514270,0.87260586
0.66527883,1.10419004
0.66529986,0.86897507
0.66550174,0.88029106
0.66582296,0.84963602
0.66623765,0.78579019
0.66655405,0.74151631
0.66716331,1.05516494
0.66840214,0.92341193
0.66843858,0.92463484
0.67104859,0.77428530
0.67293285,0.97374870
0.67346768,0.62858563
0.67378727,0.93794132
0.67418272,0.89377215
0.67460488,0.80172450
0.67520162,0.97644538
0.67520689,0.50480349
0.67622788,0.90116343
0.67691416,0.83761124
0.67727122,0.90096410
0.67794073,0.80703731
0.67809349,0.83596855
0.67828333,0.82950103
0.67892628,0.85278707
0.67970478,0.89082626
0.68032535,0.86057341
0.68093774,0.77983497
0.68152108,0.85906318
0.68180082,0.88456686
0.68228366,0.60207868
0.68248944,0.84913508
0.68260057,0.83273282
0.68305446,0.33086378
0.68392058,0.85908298
0.68397948,0.87851827
0.68540083,0.79969394
0.68547918,0.93745353
0.68607366,0.78808219
0.68621037,0.49628894
0.68689578,0.60346162
0.68691662,0.80112753
0.68694952,0.82855168
0.68984632,0.68303774
0.69223315,0.68417769
0.69362066,0.74532846
0.69433116,0.67555056
0.69477303,0.79004091
0.69506348,0.73864490
0.69628826,0.66926048
0.69718725,0.76111406
0.69727337,0.80109153
0.69733993,0.46670140
0.69807276,0.65885165
0.69893369,0.69806306
0.69917322,0.68755647
0.70091756,0.61943577
0.70107343,0.42618862
0.70156660,0.33140993
0.70170324,0.63047743
0.70292559,0.60399233
0.70315365,0.65281914
0.70373421,0.63293676
0.70454873,0.59435293
0.70517349,0.62019060
0.70590960,0.56092930
0.70596750,0.59790883
0.70719740,0.61760973
0.70809107,0.57264389
0.70823446,0.60147891
0.70838430,0.60011351
0.70889375,0.53245224
0.70909859,0.58830113
0.70937258,0.57571822
0.71154796,0.61416405
0.71241841,0.23520421
0.71259666,0.27408423
0.71312723,0.53849105
0.71332040,0.68142491
0.71348113,0.44242847
0.71425541,0.77857910
0.71485653,0.48919133
0.71525106,0.48784813
0.71687343,0.48510350
0.71817263,0.46870075
0.71925935,0.50365333
0.71931217,0.43048622
0.71951213,0.59557622
0.71963443,0.43961771
0.72088070,0.42930957
0.72100849,0.49206459
0.72187014,0.43342477
0.72212971,0.40204774
0.72239636,0.44672262
0.72372859,0.22339966
0.72408715,0.63487966
0.72410935,0.39339031
0.72711021,0.47948385
0.72721898,0.20260015
0.72755928,0.31941772
0.72763541,0.22650385
0.72787960,0.38082823
0.72865372,0.38434944
0.72975505,0.36887881
0.73048935,0.33037495
0.73207258,0.12030057
0.73227293,0.33816248
0.73240247,0.36629352
0.73248493,0.05971907
0.73258208,0.37880881
0.73292416,0.33769552
0.73318506,0.36332636
0.73385233,0.25200964
0.73466521,0.11163009
0.73621978,0.40657816
0.73659391,0.07664120
0.73725569,0.19009496
0.73768409,0.10679346
0.73939884,0.13164589
0.73957076,0.29237996
0.74010741,-0.06819805
0.74134669,0.24550577
0.74239273,0.06849813
0.74245773,0.23097699
0.74269966,-0.07046647
0.74294290,-0.00746391
0.74348311,0.22282338
0.74360223,0.09086625
0.74366327,0.28316069
0.74417914,0.28323755
0.74442925,0.22195022
0.74615044,0.10886073
0.74623444,0.23686471
0.74627733,0.13298205
0.74725049,0.21381443
0.74825564,0.22631880
0.75057379,0.09552315
0.75118747,-0.09444801
0.75121498,0.00210130
0.75196706,-0.03014371
0.75218998,0.17025988
0.75277061,0.00418915
0.75601421,0.12419312
0.75633911,0.05660297
0.75699869,0.04170170
0.75709441,0.05371470
0.75727853,0.03674083
0.75799728,-0.15625899
0.75864300,0.04456369
0.75873938,-0.00432736
0.75950116,-0.02499996
0.75977902,-0.12430997
0.76052373,0.07071354
0.76077013,0.06749020
0.76108132,0.01267926
0.76144832,0.08892292
0.76155494,0.07766958
0.76166198,0.17282151
0.76267242,-0.19386298
0.76369001,0.07718193
0.76400434,-0.05089836
0.76448866,0.09128255
0.76510644,-0.33588601
0.76513078,-0.04557190
0.76552409,-0.01793461
0.76586826,0.00878456
0.76616103,-0.08766586
0.76681638,-0.17253563
0.76683265,0.04960310
0.76710041,-0.04562912
0.76747593,0.04888542
0.76852705,-0.00077569
0.76906636,-0.22667068
0.76987359,-0.06690881
0.77070290,-0.06847747
0.77097993,-0.27283825
0.77159811,-0.22815908
0.77263814,-0.05180767
0.77281128,-0.03125507
0.77378303,-0.04282687
0.77554892,-0.27176770
0.77648616,-0.19911804
0.77753818,-0.20652118
0.77782048,-0.23844631
0.77897886,-0.15287576
0.77907979,-0.10855971
0.77981592,-0.06908607
0.78015002,-0.30416447
0.78200336,-0.18727215
0.78231723,-0.10471439
0.78270913,-0.20431442
0.78291967,-0.38809839
0.78302304,-0.33290029
0.78310481,-0.25777581
0.78322408,-0.18161275
0.78350655,-0.29524777
0.78383026,-0.42287939
0.78412705,-0.32762367
0.78424779,-0.26045842
0.78492289,-0.23561711
0.78662129,-0.36726263
0.78704743,-0.27543616
0.78728865,-0.09711046
0.78752285,-0.19515639
0.78943594,-0.29566222
0.79017692,-0.58273301
0.79050409,-0.25003084
0.79130716,-0.23079247
0.79194156,-0.35772030
0.79198349,-0.38913449
0.79199486,-0.29945473
0.79399352,-0.25499548
0.79429982,-0.31529298
0.79503551,-0.49707582
0.79543706,-0.18162037
0.79549166,-0.19612201
0.79614391,-0.52207890
0.79634526,-0.21605072
0.79717625,-0.32868472
0.79782103,-0.48385228
0.79882168,-0.37582217
0.80098791,-0.25069443
0.80141899,-0.44202892
0.80199689,-0.23902980
0.80208355,-0.41068623
0.80273719,-0.19130753
0.80377679,-0.42090225
0.80424391,-0.34922275
0.80547770,-0.22584209
0.80593537,-0.29169864
0.80622503,-0.33931541
0.80668811,-0.27125998
0.80671732,-0.26661972
0.80742407,-0.26582545
0.80903423,-0.37984499
0.80951697,-0.28080931
0.80968386,-0.31097377
0.80970043,-0.36185357
0.81036675,-0.30485611
0.81198286,-0.27592074
0.81274488,-0.15993913
0.81314492,-0.24719815
0.81319041,-0.24442913
0.81325034,-0.63410934
0.81356622,-0.28029111
0.81371287,-0.36930431
0.81543241,-0.26737721
0.81650257,-0.24482971
0.81685743,-0.28790913
0.81759537,-0.28340959
0.81899460,-0.38489520
0.81909792,-0.30852101
0.81910575,-0.31122003
0.81965874,-0.24001312
0.81991003,-0.40519502
0.82147449,-0.30859636
0.82251326,-0.38360768
0.82289201,-0.23555985
0.82325984,-0.26192163
0.82331564,-0.47114637
0.82339550,-0.29572720
0.82519806,-0.30415895
0.82668174,-0.38570160
0.82815212,-0.24482201
0.82848235,-0.28920336
0.83151191,-0.25982073
0.83171451,-0.29619585
0.83224856,-0.35914825
0.83311492,-0.27778240
0.83375775,-0.29565319
0.83558445,-0.29023471
0.83684163,-0.44524982
0.83774494,-0.31254886
0.83782767,-0.28285029
0.83964856,-0.29377286
0.83973113,-0.25258969
0.84031812,-0.23339351
0.84105721,-0.35396852
0.84166932,-0.14953871
0.84240262,-0.28552577
0.84364016,-0.19855073
0.84580599,-0.37600330
0.84603384,-0.18474803
0.84619845,-0.35559442
0.84648764,-0.21890687
0.84695640,-0.21462901
0.84941267,-0.23128547
0.84970948,-0.25826037
0.84978906,-0.28783015
0.85149394,-0.20926250
0.85188564,-0.17419705
0.85202026,-0.26564293
0.85229424,-0.14648144
0.85263933,-0.17431040
0.85369122,-0.01446952
0.85386965,-0.14842835
0.85404699,-0.22824625
0.85430137,-0.26486000
0.85529963,-0.16846794
0.85590984,-0.17930003
0.85848856,-0.01286158
0.86026823,-0.13071949
0.86116698,-0.20701200
0.86131228,-0.10610362
0.86317504,-0.04248249
0.86335555,-0.12402339
0.86373904,-0.10117459
0.86483514,-0.09178482
0.86620360,-0.10947161
0.86628814,-0.08388125
0.86683122,-0.20652758
0.86773656,-0.19483494
0.86978019,-0.03690738
0.87021999,-0.06909935
0.87085875,-0.02712281
0.87092356,-0.10829168
0.87141615,-0.04310091
0.87239354,-0.12029779
0.87341196,-0.02762030
0.87404996,-0.05536239
0.87562285,-0.00741820
0.87573692,0.08835262
0.87577830,0.01481255
0.87736317,-0.01851796
0.87889620,-0.03025879
0.87974937,0.00685544
0.88015973,0.03904140
0.88019389,0.10287872
0.88050420,0.04238048
0.88097561,-0.05699385
0.88154531,-0.09604813
0.88167016,-0.03262145
0.88187179,0.08561337
0.88215531,0.05983124
0.88382786,-0.00207270
0.88388771,0.09281194
0.88404683,0.02229412
0.88501816,0.15920746
0.88535707,0.07969405
0.88621286,0.03048727
0.88629646,0.10698925
0.88678080,0.01446615
0.88731776,0.12864798
0.88772403,0.15971037
0.88993756,0.16086291
0.89005969,0.12952351
0.89078154,0.19283562
0.89123108,0.12567266
0.89148757,0.09547879
0.89215195,-0.03737106
0.89232044,0.22581850
0.89279367,0.11597049
0.89371459,0.13679523
0.89372511,0.04501791
0.89398983,0.11328669
0.89422575,0.12617245
0.89424461,0.05941811
0.89521714,0.13507525
0.89528157,0.20100572
0.89614753,0.13448332
0.89649096,0.12935757
0.89672376,0.20218939
0.89758815,0.20361375
0.89832962,0.31931384
0.89858494,0.12903128
0.89900899,0.17852027
0.89922343,0.18878553
0.89954234,0.27228037
0.89964690,0.11111198
0.89998025,0.25925559
0.90031919,0.07829248
0.90100630,0.19107145
0.90178897,0.18284519
0.90213685,0.09998798
0.90235575,0.14812509
0.90279470,0.22296380
0.90420548,0.18799329
0.90452482,0.17905199
0.90512582,0.31671008
0.90548777,0.08235134
0.90639621,0.20712061
0.90664745,0.21560927
0.90731178,0.19380808
0.90949238,0.29879463
0.90970529,0.25326631
0.91010668,0.21077495
0.91022344,0.17803941
0.91120932,0.21146690
0.91157166,0.24402032
0.91196026,0.15419238
0.91201797,0.29211686
0.91250602,0.13654852
0.91265523,0.21055974
0.91336764,0.17126684
0.91371908,0.31244227
0.91503858,0.28417930
0.91510811,0.32780784
0.91548362,0.28662737
0.91562316,0.32083614
0.91578659,0.26867535
0.91670807,0.19717168
0.91760067,0.36731902
0.91776426,0.37246990
0.91799863,0.26019631
0.91802929,0.41617494
0.92235311,0.23715559
0.92237699,0.43458180
0.92309110,0.40967123
0.92423174,0.38666960
0.92492786,0.24264810
0.92621921,0.35919305
0.92641492,0.27783658
0.92652587,0.37654081
0.92653008,0.42418581
0.92682359,0.30837155
0.92752487,0.48241241
0.92846482,0.36736828
0.92874726,0.28924289
0.92918570,0.35637726
0.92920308,0.38910849
0.92930065,0.41438634
0.92954866,0.30332087
0.92988948,0.28597168
0.93094930,0.31712052
0.93197812,0.31102490
0.93212153,0.33183165
0.93281175,0.39468534
0.93283046,0.38351739
0.93288581,0.36448371
0.93378171,0.31351589
0.93406020,0.32975320
0.93450108,0.37065873
0.93479563,0.40392472
0.93512393,0.30774760
0.93537305,0.38902159
0.93584381,0.45882353
0.93636179,0.33499360
0.93669737,0.38511657
0.93687484,0.43786715
0.93700603,0.38602422
0.93755284,0.32738286
0.93810846,0.36933195
0.93840620,0.48482724
0.93865343,0.39909073
0.93914893,0.31703860
0.93928227,0.40111938
0.93948633,0.44181478
0.93955216,0.38173557
0.94058893,0.35900357
0.94067785,0.38929838
0.94089714,0.34024755
0.94171614,0.46472401
0.94327717,0.36977731
0.94397965,0.45779146
0.94426966,0.41805987
0.94430925,0.46534536
0.94491867,0.43485220
0.94495665,0.43926650
0.94510780,0.40197680
0.94535142,0.39909784
0.94888557,0.45841534
0.94974179,0.48066369
0.95036931,0.37255011
0.95160597,0.41507784
0.95236246,0.57873039
0.95241858,0.49682988
0.95334844,0.56605129
0.95370067,0.38851191
0.95413781,0.47049560
0.95427871,0.58668077
0.95494628,0.46936254
0.95523427,0.40748532
0.95527254,0.46130042
0.95588608,0.51661278
0.95618051,0.57885275
0.95701300,0.55398653
0.95771692,0.51379336
0.95813801,0.55302637
0.95905623,0.55297315
0.95909366,0.50740523
0.95984449,0.47748000
0.96070034,0.51121467
0.96104591,0.47849333
0.96106101,0.52055423
0.96115662,0.46512868
0.96166732,0.61991957
0.96177817,0.44468204
0.96243106,0.46291259
0.96247174,0.54724241
0.96326473,0.46651261
0.96330270,0.59518196
0.96494943,0.45520116
0.96523310,0.64030625
0.96527019,0.46213292
0.96571723,0.53420937
0.96742916,0.50830783
0.96891793,0.50109548
0.96990177,0.49394422
0.97076352,0.59181573
0.97192888,0.58662326
0.97262366,0.54176850
0.97315548,0.46356550
0.97410285,0.52667426
0.97438584,0.64452090
0.97454755,0.44282585
0.97579121,0.49926990
0.97682446,0.63574815
0.97736865,0.51497330
0.97756613,0.61054415
0.97808772,0.60169912
0.97926722,0.50159796
0.97988252,0.57609807
0.98196944,0.54582385
0.98303986,0.51692586
0.98377063,0.44485327
0.98460713,0.53395834
0.98466850,0.54271992
0.98547694,0.60053032
0.98665626,0.47941520
0.98709971,0.51905953
0.98731394,0.43927322
0.98772915,0.56278866
0.98774953,0.55268454
0.98775278,0.53865050
0.98929865,0.73047245
0.98959703,0.49929680
0.99047941,0.57542400
0.99155031,0.62756840
0.99193378,0.52746646
0.99214786,0.55587953
0.99260811,0.67602287
0.99270551,0.71559884
0.99315741,0.59810675
0.99425631,0.53769762
0.99531434,0.41677514
0.99551449,0.53482741
0.99569989,0.60990219
0.99574769,0.45775620
0.99602301,0.47938605
0.99733521,0.50360494
0.99854409,0.77693564
0.99871176,0.68421470
0.99903514,0.47486559
0.99921384,0.55446891
0.99940447,0.63155316
1.00015026,0.46335249
1.00094507,0.69216168
1.00164920,0.62968888
1.00215095,0.55481958
1.00349421,0.51915892
1.00356515,0.51217195
1.00393565,0.52270964
1.00427590,0.52922601
1.00485883,0.72969092
1.00497089,0.50582369
1.00526023,0.48658179
1.00557626,0.51476443
1.00688368,0.53451098
1.00700864,0.53923758
1.00944445,0.58515162
1.01039185,0.61398049
1.01048418,0.50143250
1.01058559,0.49154866
1.01198746,0.55841871
1.01228994,0.75105530
1.01230606,0.54927914
1.01337465,0.64324731
1.01483928,0.67347715
1.01495635,0.51367342
1.01520907,0.50789798
1.01577424,0.48035631
1.01600526,0.51179889
1.01740424,0.56237650
1.01805690,0.53900839
1.01827259,0.68099757
1.01855054,0.57586513
1.01877411,0.46993635
1.01929061,0.53448315
1.01932240,0.46902299
1.01967623,0.70883230
1.01974704,0.44993245
1.02032916,0.54263265
1.02062505,0.50953143
1.02064042,0.53161026
1.02119654,0.46007915
1.02135732,0.46318651
1.02135795,0.52418239
1.02160158,0.46633059
1.02206662,0.54404141
1.02231979,0.46219251
1.02241862,0.57387936
1.02257440,0.63652400
1.02285878,0.50402122
1.02333736,0.50943990
1.02401361,0.52543710
1.02404335,0.57081695
1.02408369,0.43216366
1.02478125,0.49173867
1.02658985,0.54458467
1.02677055,0.54635830
1.02747480,0.52032551
1.02769156,0.59091634
1.02785763,0.52536767
1.02793714,0.56252701
1.02908657,0.71685693
1.02975037,0.54431231
1.03031750,0.47681887
1.03077943,0.43840224
1.03147336,0.53415553
1.03196465,0.51274099
1.03233826,0.51019310
1.03268390,0.50755762
1.03275648,0.42508266
1.03286288,0.45952135
1.03296117,0.42246566
1.03417730,0.47766425
1.03531748,0.50342976
1.03696420,0.61870678
1.03812028,0.53421959
1.03854786,0.61245987
1.03868705,0.60411232
1.03937353,0.53009239
1.03993060,0.51074976
1.04016173,0.47378928
1.04060673,0.56935477
1.04076365,0.46345697
1.04090825,0.51148569
1.04098876,0.37666068
1.04128674,0.45469264
1.04569090,0.62254462
1.04743075,0.52910899
1.04749442,0.41406167
1.04866620,0.45154685
1.04917724,0.45366738
1.04920111,0.48435505
1.04947445,0.48983080
1.04949017,0.52307017
1.05000593,0.66557320
1.05010104,0.68615511
1.05012914,0.52992329
1.05064685,0.47713434
1.05201377,0.48572376
1.05205296,0.48318451
1.05377691,0.49841883
1.05403888,0.51652091
1.05451634,0.51963882
1.05488254,0.49309383
1.05504003,0.52166688
1.05645636,0.51232478
1.05724326,0.49973740
1.05861008,0.48641729
1.05939068,0.51909071
1.06023580,0.52288493
1.06097485,0.63173892
1.06181887,0.47222629
1.06284621,0.47745524
1.06368346,0.58648109
1.06386907,0.49698024
1.06508531,0.50752151
1.06558659,0.52236726
1.06567043,0.48043199
1.06603854,0.65334466
1.06758771,0.65041415
1.06773536,0.51774717
1.06787881,0.43440768
1.06802335,0.50933072
1.06831675,0.48300150
1.06895099,0.50535735
1.07001272,0.55778128
1.07098523,0.47469064
1.07163722,0.62161573
1.07166298,0.33658363
1.07174535,0.57536023
1.07213597,0.51743003
1.07341380,0.49219213
1.07362546,0.48933140
1.07476186,0.74329017
1.07534650,0.47617737
1.07539293,0.48923934
1.07610645,0.41543825
1.07639616,0.63009711
1.07644008,0.40721746
1.07676264,0.47804673
1.07803986,0.33376374
1.07870589,0.57278341
1.08197022,0.40581887
1.08306476,0.45633774
1.08312288,0.62622869
1.08318377,0.42951302
1.08347123,0.49749817
1.08358698,0.47398448
1.08399345,0.50419821
1.08468503,0.63106325
1.08476795,0.55036223
1.08695022,0.48110096
1.08708266,0.50115754
1.08732817,0.42846565
1.08850359,0.57551333
1.08852435,0.79124510
1.08912587,0.58273678
1.09029683,0.46128020
1.09032990,0.49233510
1.09087778,0.47244704
1.09146269,0.50796432
1.09175595,0.69693084
1.09239229,0.44866563
1.09276587,0.58255521
1.09493856,0.44681488
1.09509929,0.45890801
1.09520620,0.48026169
1.09578450,0.41754402
1.09594222,0.48115880
1.09835851,0.47105707
1.09889383,0.68719182
1.09921421,0.66204264
1.09961762,0.44522827
1.10021809,0.58380580
1.10080521,0.51949450
1.10087471,0.81942476
1.10143200,0.56959806
1.10213027,0.37733483
1.10255242,0.44059071
1.10258783,0.73216489
1.10479903,0.37709895
1.10516457,0.71074378
1.10526864,0.48225668
1.10602198,0.51234971
1.10622294,0.37902701
1.10627701,0.47012977
1.10801636,0.47024684
1.10853998,0.76950400
1.10864940,0.56812906
1.10868048,0.62775046
1.10964200,0.39794636
1.10977012,0.53279157
1.10981024,0.38479804
1.10995497,0.42781363
1.11014414,0.44312755
1.11082400,0.49915456
1.11200459,0.55775801
1.11211799,0.44833885
1.11212327,0.54055891
1.11295255,0.48000434
1.11300583,0.43093257
1.11307506,0.96144480
1.11335452,0.44157891
1.11356473,0.52928576
1.11548750,0.51790176
1.11559995,0.47113351
1.11600402,0.48074603
1.11646154,0.47778675
1.11682139,0.46146637
1.11748348,0.48153726
1.11933554,0.41451804
1.11948094,0.63035853
1.11952015,0.49378470
1.11962787,0.53139613
1.12245764,0.38196990
1.12265033,0.55169990
1.12304892,0.67215609
1.12312500,0.40567024
1.12312779,0.49186872
1.12325228,0.48095737
1.12335296,0.47216639
1.12336798,0.47756476
1.12341232,0.43335268
1.12400363,0.53860243
1.12417578,0.47864104
1.12539175,0.41193165
1.12621375,0.42307541
1.12656643,0.89317222
1.12802281,0.48083845
1.12871329,0.43578651
1.12929154,0.38620940
1.12984663,0.54629631
1.13108208,0.44905320
1.13205882,0.51834437
1.13255804,0.46776532
1.13417795,0.52355198
1.13462387,0.75631575
1.13483238,0.48403356
1.13522934,0.54749681
1.13523248,0.34963986
1.13678375,0.48317096
1.13704272,0.31106184
1.13837460,0.48173488
1.13861173,0.27840364
1.13862951,0.65776649
1.13915223,0.42618564
1.14007331,0.60399974
1.14143359,0.63365065
1.14231455,0.75465072
1.14269966,0.45973651
1.14347927,0.47927553
1.14350696,0.34069931
1.14359896,0.39689221
1.14377806,0.48544300
1.14384663,0.45442228
1.14587807,0.56427717
1.14641931,0.38966714
1.14674791,0.42870932
1.14725599,0.39146405
1.15011502,0.81704890
1.15021835,0.34708590
1.15027106,0.39642450
1.15044903,0.56786187
1.15065630,0.82177930
1.15105113,0.45759373
1.15119882,0.43782300
1.15172943,0.48087701
1.15270436,0.69230090
1.15275154,0.44265923
1.15385956,0.38423240
1.15427720,0.37856184
1.15463999,0.44860125
1.15585347,0.38984521
1.15629589,0.54631323
1.15724783,0.37437457
1.15742266,0.45547746
1.15849914,0.43928431
1.15947829,0.77333201
1.16101168,0.45121451
1.16250279,0.37562475
1.16301165,0.63681255
1.16335030,0.47185050
1.16377814,0.39557216
1.16424189,0.44196098
1.16483763,0.45410145
1.16485219,0.41584439
1.16506167,0.37529691
1.16616458,0.35804534
1.16619171,0.97574697
1.16681550,0.38712707
1.16930055,0.42108579
1.17071477,0.33876060
1.17074682,0.76937862
1.17088323,0.32247429
1.17107705,0.41917980
1.17135407,0.44549473
1.17199689,0.41809149
1.17263128,0.41597399
1.17350037,0.34274871
1.17384532,0.45167026
1.17436097,0.33388029
1.17506956,0.26296406
1.17548482,0.33486550
1.17597425,0.70055530
1.17603262,0.38155502
1.17624574,0.79934226
1.17698537,0.76784341
1.17766452,0.26217107
1.17816714,0.42831568
1.17857316,0.35565360
1.17884002,0.27680457
1.17958461,0.44735722
1.18010049,0.44084683
1.18102232,0.41139945
1.18148233,0.51675502
1.18149370,0.43322870
1.18157944,0.53940099
1.18205604,0.53769238
1.18264820,0.71313092
1.18274532,0.40899816
1.18395450,0.46507020
1.18395785,0.38881701
1.18477514,0.39680272
1.18632468,0.34034716
1.18695960,0.78857867
1.18778768,0.39773366
1.18833370,0.37084094
1.18838600,0.39734455
1.18846615,0.54351518
1.19012937,0.71306737
1.19016926,0.42790786
1.19045041,0.51039910
1.19085068,0.35615703
1.19170150,0.42046356
1.19204220,0.47766753
1.19222703,0.80023471
1.19225160,0.45173939
1.19289333,0.43449859
1.19364210,0.38629562
1.19377787,0.39827277
1.19378906,0.74475964
1.19455737,0.45631637
1.19601265,0.34220118
1.19644159,0.91381352
1.19709604,0.45457292
1.19833142,0.45533125
1.19849204,0.39286106
1.19859433,0.24225849
1.19859556,0.45282528
1.19892568,0.55306319
1.19930629,0.46449820
